Title,Date
BBC visits aftermath of Israeli strike on Lebanon that killed family as IDF targets Hezbollah,"Sat, 14 Mar 2026 22:55:40 GMT"
Zelensky accuses EU allies of 'blackmail' in oil pipeline row,"Sun, 15 Mar 2026 12:00:35 GMT"
"Severe flooding kills 66 in Kenya, as heavy rains continue","Sun, 15 Mar 2026 16:12:11 GMT"
Sweden detains captain of Russian shadow fleet ship,"Sun, 15 Mar 2026 18:40:59 GMT"
Israeli forces kill Palestinian couple and two of their children in occupied West Bank,"Sun, 15 Mar 2026 10:38:22 GMT"
US names six crew killed in refuelling plane crash in Iraq,"Sun, 15 Mar 2026 08:08:30 GMT"
"Iran captain latest footballer to drop asylum bid, Iranian state media says","Sun, 15 Mar 2026 18:46:24 GMT"
French police detain brothers over 'lethal and antisemitic' plot,"Sun, 15 Mar 2026 16:12:34 GMT"
Treasure hunter freed from prison after refusing to turn over shipwreck gold,"Sat, 14 Mar 2026 22:27:41 GMT"
Ugandan opposition leader goes abroad after two months in hiding,"Sun, 15 Mar 2026 12:27:57 GMT"
